{
	"credit": "Made with Blockbench",
	"parent": "block/block",
	"textures": {
		"particle": "#all"
	},
	"elements": [
		{
			"from": [0, 0, 0],
			"to": [16, 16, 16],
			"faces": {
				"north": {"uv": [0, 0, 16, 16], "texture": "#all", "cullface": "north"},
				"east": {"uv": [0, 0, 16, 16], "texture": "#all", "cullface": "east"},
				"south": {"uv": [0, 0, 16, 16], "texture": "#all", "cullface": "south"},
				"west": {"uv": [0, 0, 16, 16], "texture": "#all", "cullface": "west"},
				"up": {"uv": [0, 0, 16, 16], "texture": "#all", "cullface": "up"},
				"down": {"uv": [0, 0, 16, 16], "texture": "#all", "cullface": "down"}
			}
		},
		{
			"from": [-2, 15, 5],
			"to": [18, 15, 21],
			"rotation": {"angle": -45, "axis": "z", "origin": [8, 8, 8]},
			"faces": {
				"up": {"uv": [0, 0, 16, 16], "rotation": 90, "texture": "#all", "cullface": "up"},
				"down": {"uv": [0, 0, 16, 16], "rotation": 90, "texture": "#all", "cullface": "down"}
			}
		},
		{
			"from": [-5, 11, 4],
			"to": [7, 11, 20],
			"rotation": {"angle": 45, "axis": "z", "origin": [8, 8, 8]},
			"faces": {
				"up": {"uv": [0, 0, 16, 16], "rotation": 270, "texture": "#all", "cullface": "up"},
				"down": {"uv": [0, 0, 16, 16], "rotation": 270, "texture": "#all", "cullface": "down"}
			}
		},
		{
			"from": [11, -5, -4],
			"to": [11, 7, 12],
			"rotation": {"angle": 45, "axis": "z", "origin": [8, 8, 8]},
			"faces": {
				"east": {"uv": [0, 0, 16, 16], "rotation": 180, "texture": "#all", "cullface": "east"},
				"west": {"uv": [0, 0, 16, 16], "rotation": 180, "texture": "#all", "cullface": "west"}
			}
		},
		{
			"from": [1, -2, -5],
			"to": [1, 18, 11],
			"rotation": {"angle": -45, "axis": "z", "origin": [8, 8, 8]},
			"faces": {
				"east": {"uv": [0, 0, 16, 16], "texture": "#all", "cullface": "east"},
				"west": {"uv": [0, 0, 16, 16], "texture": "#all", "cullface": "west"}
			}
		},
		{
			"from": [5, -2.70711, 0.70711],
			"to": [21, 17.29289, 0.70711],
			"rotation": {"angle": 45, "axis": "x", "origin": [8, 8, 8]},
			"faces": {
				"north": {"uv": [0, 0, 16, 16], "texture": "#all", "cullface": "north"},
				"south": {"uv": [0, 0, 16, 16], "texture": "#all", "cullface": "south"}
			}
		},
		{
			"from": [-4, 12, -6],
			"to": [12, 12, 6],
			"rotation": {"angle": -45, "axis": "x", "origin": [8, 8, 8]},
			"faces": {
				"up": {"uv": [0, 0, 16, 16], "texture": "#all", "cullface": "up"},
				"down": {"uv": [0, 0, 16, 16], "rotation": 180, "texture": "#all", "cullface": "down"}
			}
		},
		{
			"from": [4, -6, 12],
			"to": [20, 6, 12],
			"rotation": {"angle": -45, "axis": "x", "origin": [8, 8, 8]},
			"faces": {
				"north": {"uv": [0, 0, 16, 16], "rotation": 180, "texture": "#all", "cullface": "north"},
				"south": {"uv": [0, 0, 16, 16], "rotation": 180, "texture": "#all", "cullface": "south"}
			}
		},
		{
			"from": [-5, 15.29289, -1.29289],
			"to": [11, 15.29289, 18.70711],
			"rotation": {"angle": 45, "axis": "x", "origin": [8, 8, 8]},
			"faces": {
				"up": {"uv": [0, 0, 16, 16], "rotation": 180, "texture": "#all", "cullface": "up"},
				"down": {"uv": [0, 0, 16, 16], "texture": "#all", "cullface": "down"}
			}
		}
	]
}