{
	"credit": "Made with Blockbench",
	"ambientocclusion": false,
	"textures": {
		"0": "block/ladder",
		"particle": "block/ladder"
	},
	"elements": [
		{
			"from": [1, 13, 13],
			"to": [15, 15, 15],
			"faces": {
				"north": {"uv": [1, 1, 15, 3], "texture": "#0"},
				"east": {"uv": [13, 1, 15, 3], "texture": "#0"},
				"south": {"uv": [1, 1, 15, 3], "texture": "#0"},
				"west": {"uv": [1, 1, 3, 3], "texture": "#0"},
				"up": {"uv": [1, 1, 15, 3], "texture": "#0"},
				"down": {"uv": [1, 1, 15, 3], "texture": "#0"}
			}
		},
		{
			"from": [1, 1, 13],
			"to": [15, 3, 15],
			"faces": {
				"north": {"uv": [1, 1, 15, 3], "texture": "#0"},
				"east": {"uv": [13, 1, 15, 3], "texture": "#0"},
				"south": {"uv": [1, 13, 15, 15], "texture": "#0"},
				"west": {"uv": [1, 1, 3, 3], "texture": "#0"},
				"up": {"uv": [1, 1, 15, 3], "texture": "#0"},
				"down": {"uv": [1, 1, 15, 3], "texture": "#0"}
			}
		},
		{
			"from": [1, 5, 13],
			"to": [15, 7, 15],
			"faces": {
				"north": {"uv": [1, 9, 15, 11], "texture": "#0"},
				"east": {"uv": [13, 1, 15, 3], "texture": "#0"},
				"south": {"uv": [1, 9, 15, 11], "texture": "#0"},
				"west": {"uv": [1, 1, 3, 3], "texture": "#0"},
				"up": {"uv": [1, 1, 15, 3], "texture": "#0"},
				"down": {"uv": [1, 1, 15, 3], "texture": "#0"}
			}
		},
		{
			"from": [1, 9, 13],
			"to": [15, 11, 15],
			"faces": {
				"north": {"uv": [1, 5, 15, 7], "texture": "#0"},
				"east": {"uv": [13, 1, 15, 3], "texture": "#0"},
				"south": {"uv": [1, 5, 15, 7], "texture": "#0"},
				"west": {"uv": [1, 1, 3, 3], "texture": "#0"},
				"up": {"uv": [1, 1, 15, 3], "texture": "#0"},
				"down": {"uv": [1, 1, 15, 3], "texture": "#0"}
			}
		},
		{
			"from": [2, 0, 15],
			"to": [4, 16, 16],
			"faces": {
				"north": {"uv": [2, 0, 4, 16], "texture": "#0"},
				"east": {"uv": [3, 0, 4, 16], "texture": "#0"},
				"south": {"uv": [2, 0, 4, 16], "texture": "#0"},
				"west": {"uv": [2, 0, 3, 16], "texture": "#0"},
				"up": {"uv": [2, 0, 4, 1], "texture": "#0"},
				"down": {"uv": [2, 0, 4, 1], "texture": "#0"}
			}
		},
		{
			"from": [12, 0, 15],
			"to": [14, 16, 16],
			"faces": {
				"north": {"uv": [12, 0, 14, 16], "texture": "#0"},
				"east": {"uv": [13, 0, 14, 16], "texture": "#0"},
				"south": {"uv": [12, 0, 14, 16], "texture": "#0"},
				"west": {"uv": [12, 0, 13, 16], "texture": "#0"},
				"up": {"uv": [2, 0, 4, 1], "texture": "#0"},
				"down": {"uv": [12, 1, 14, 2], "texture": "#0"}
			}
		}
	],
	"display": {
		"thirdperson_righthand": {
			"rotation": [0, -77, 0],
			"translation": [-2.5, 0, 0],
			"scale": [0.33, 0.35, 0.33]
		},
		"thirdperson_lefthand": {
			"rotation": [0, -77, 0],
			"scale": [0.33, 0.35, 0.33]
		},
		"firstperson_righthand": {
			"rotation": [0, -77, 0],
			"scale": [0.33, 0.35, 0.33]
		},
		"firstperson_lefthand": {
			"rotation": [0, -77, 0],
			"scale": [0.33, 0.35, 0.33]
		},
		"ground": {
			"translation": [0, -3.75, 0],
			"scale": [0.28, 0.28, 0.28]
		},
		"fixed": {
			"rotation": [0, -180, 0],
			"translation": [0, 0, -6.75]
		}
	}
}