{
	"credit": "Made with Blockbench",
	"ambientocclusion": false,
	"textures": {
		"particle": "block/powered_rail",
		"texture": "block/powered_rail",
		"rail": "block/powered_rail",
		"texture1": "block/powered_rail"
	},
	"elements": [
		{
			"name": "Box2",
			"from": [7, 16, 10],
			"to": [9, 16.5, 12],
			"rotation": {"angle": 45, "axis": "x", "origin": [2, 16.5, -1], "rescale": true},
			"faces": {
				"east": {"uv": [8.5, 11, 9, 13], "rotation": 90, "texture": "#texture1"},
				"west": {"uv": [7.25, 11, 7.75, 13], "rotation": 270, "texture": "#texture1"},
				"up": {"uv": [7, 11, 9, 13], "texture": "#texture1"},
				"down": {"uv": [7, 13, 9, 11], "texture": "#texture1"}
			}
		},
		{
			"name": "Box2",
			"from": [2, 16.5, -1],
			"to": [4, 17.5, 15],
			"rotation": {"angle": 45, "axis": "x", "origin": [2, 16.5, -1], "rescale": true},
			"faces": {
				"north": {"uv": [2, 0.5, 4, 1], "rotation": 180, "texture": "#rail"},
				"east": {"uv": [3, 0, 4, 16], "rotation": 90, "texture": "#rail"},
				"south": {"uv": [2, 15.25, 4, 15.75], "texture": "#rail"},
				"west": {"uv": [2, 0, 3, 16], "rotation": 270, "texture": "#rail"},
				"up": {"uv": [2, 0, 4, 16], "texture": "#rail"},
				"down": {"uv": [2, 0, 4, 16], "texture": "#rail"}
			}
		},
		{
			"name": "Box2",
			"from": [12, 16.5, -1],
			"to": [14, 17.5, 15],
			"rotation": {"angle": 45, "axis": "x", "origin": [2, 16.5, -1], "rescale": true},
			"faces": {
				"north": {"uv": [12, 0.25, 14, 0.75], "rotation": 180, "texture": "#rail"},
				"east": {"uv": [13, 0, 14, 16], "rotation": 90, "texture": "#rail"},
				"south": {"uv": [12, 15.25, 14, 15.75], "texture": "#rail"},
				"west": {"uv": [12, 0, 13, 16], "rotation": 270, "texture": "#rail"},
				"up": {"uv": [12, 0, 14, 16], "texture": "#rail"},
				"down": {"uv": [12, 0, 14, 16], "texture": "#rail"}
			}
		},
		{
			"name": "Box2",
			"from": [1, 16, 0],
			"to": [15, 16.5, 2],
			"rotation": {"angle": 45, "axis": "x", "origin": [2, 16.5, -1], "rescale": true},
			"faces": {
				"north": {"uv": [1, 1.25, 15, 1.75], "rotation": 180, "texture": "#texture1"},
				"east": {"uv": [14.25, 1, 14.75, 3], "rotation": 90, "texture": "#texture1"},
				"south": {"uv": [1, 2.25, 15, 2.75], "texture": "#texture1"},
				"west": {"uv": [1.25, 1, 1.75, 3], "rotation": 270, "texture": "#texture1"},
				"up": {"uv": [1, 1, 15, 3], "texture": "#texture1"},
				"down": {"uv": [1, 1, 15, 3], "rotation": 180, "texture": "#texture1"}
			}
		},
		{
			"name": "Box2",
			"from": [4, 16.5, -1],
			"to": [5, 17, 15],
			"rotation": {"angle": 45, "axis": "x", "origin": [2, 16.5, -1], "rescale": true},
			"faces": {
				"north": {"uv": [4, 0.25, 5, 0.75], "texture": "#texture"},
				"east": {"uv": [4.25, 0, 4.75, 16], "rotation": 90, "texture": "#texture"},
				"south": {"uv": [4, 15.25, 5, 15.75], "texture": "#texture"},
				"up": {"uv": [4, 0, 5, 16], "texture": "#texture"},
				"down": {"uv": [4, 0, 5, 16], "texture": "#texture"}
			}
		},
		{
			"name": "Box2",
			"from": [11, 16.5, -1],
			"to": [12, 17, 15],
			"rotation": {"angle": 45, "axis": "x", "origin": [2, 16.5, -1], "rescale": true},
			"faces": {
				"north": {"uv": [11, 0.25, 12, 0.75], "texture": "#texture"},
				"south": {"uv": [11, 15.25, 12, 15.75], "texture": "#texture"},
				"west": {"uv": [11, 0, 12, 16], "rotation": 270, "texture": "#texture"},
				"up": {"uv": [11, 0, 12, 16], "texture": "#texture"},
				"down": {"uv": [11, 0, 12, 16], "texture": "#texture"}
			}
		},
		{
			"name": "Box2",
			"from": [1, 16, 4],
			"to": [15, 16.5, 6],
			"rotation": {"angle": 45, "axis": "x", "origin": [2, 16.5, -1], "rescale": true},
			"faces": {
				"north": {"uv": [1, 5.25, 15, 5.75], "rotation": 180, "texture": "#texture1"},
				"east": {"uv": [14.25, 5, 14.75, 7], "rotation": 90, "texture": "#texture1"},
				"south": {"uv": [1, 6.25, 15, 6.75], "texture": "#texture1"},
				"west": {"uv": [1.25, 5, 1.75, 7], "rotation": 270, "texture": "#texture1"},
				"up": {"uv": [1, 5, 15, 7], "texture": "#texture1"},
				"down": {"uv": [1, 5, 15, 7], "rotation": 180, "texture": "#texture1"}
			}
		},
		{
			"name": "Box2",
			"from": [1, 16, 8],
			"to": [15, 16.5, 10],
			"rotation": {"angle": 45, "axis": "x", "origin": [2, 16.5, -1], "rescale": true},
			"faces": {
				"north": {"uv": [1, 9.25, 15, 9.75], "rotation": 180, "texture": "#texture1"},
				"east": {"uv": [14.25, 9, 14.75, 11], "rotation": 90, "texture": "#texture1"},
				"south": {"uv": [1, 10.25, 15, 10.75], "texture": "#texture1"},
				"west": {"uv": [1.25, 9, 1.75, 11], "rotation": 270, "texture": "#texture1"},
				"up": {"uv": [1, 9, 15, 11], "texture": "#texture1"},
				"down": {"uv": [1, 9, 15, 11], "rotation": 180, "texture": "#texture1"}
			}
		},
		{
			"name": "Box2",
			"from": [1, 16, 12],
			"to": [15, 16.5, 14],
			"rotation": {"angle": 45, "axis": "x", "origin": [2, 16.5, -1], "rescale": true},
			"faces": {
				"north": {"uv": [1, 13.25, 15, 13.75], "rotation": 180, "texture": "#texture1"},
				"east": {"uv": [14, 13, 14.5, 15], "rotation": 90, "texture": "#texture1"},
				"south": {"uv": [1, 14.25, 15, 14.75], "texture": "#texture1"},
				"west": {"uv": [1.25, 13, 1.75, 15], "rotation": 270, "texture": "#texture1"},
				"up": {"uv": [1, 13, 15, 15], "texture": "#texture1"},
				"down": {"uv": [1, 13, 15, 15], "rotation": 180, "texture": "#texture1"}
			}
		},
		{
			"name": "Box2",
			"from": [7, 16, 2],
			"to": [9, 16.5, 4],
			"rotation": {"angle": 45, "axis": "x", "origin": [2, 16.5, -1], "rescale": true},
			"faces": {
				"east": {"uv": [8.25, 3, 8.75, 5], "rotation": 90, "texture": "#texture1"},
				"west": {"uv": [7.25, 3, 7.75, 5], "rotation": 270, "texture": "#texture1"},
				"up": {"uv": [7, 3, 9, 5], "texture": "#texture1"},
				"down": {"uv": [7, 13, 9, 11], "texture": "#texture1"}
			}
		},
		{
			"name": "Box2",
			"from": [7, 16, 6],
			"to": [9, 16.5, 8],
			"rotation": {"angle": 45, "axis": "x", "origin": [2, 16.5, -1], "rescale": true},
			"faces": {
				"east": {"uv": [8.5, 7, 9, 9], "rotation": 90, "texture": "#texture1"},
				"west": {"uv": [7.25, 7, 7.75, 9], "texture": "#texture1"},
				"up": {"uv": [7, 7, 9, 9], "texture": "#texture1"},
				"down": {"uv": [7, 9, 9, 7], "texture": "#texture1"}
			}
		}
	]
}