{
	"credit": "Made with Blockbench",
	"ambientocclusion": false,
	"textures": {
		"particle": "block/rail_corner",
		"rail": "block/rail_corner",
		"texture": "block/rail_corner"
	},
	"elements": [
		{
			"name": "Box2",
			"from": [2, 0.5, 12],
			"to": [4, 1.5, 16],
			"faces": {
				"north": {"uv": [2, 12.25, 4, 12.75], "texture": "#rail"},
				"east": {"uv": [3.25, 12, 3.75, 16], "texture": "#rail"},
				"south": {"uv": [2, 15.25, 4, 15.75], "texture": "#rail"},
				"west": {"uv": [2.25, 12, 2.75, 16], "rotation": 270, "texture": "#rail"},
				"up": {"uv": [2, 12, 4, 16], "texture": "#rail"},
				"down": {"uv": [2, 12, 4, 16], "texture": "#rail"}
			}
		},
		{
			"name": "Box2",
			"from": [12, 0.5, 2],
			"to": [16, 1.5, 4],
			"faces": {
				"north": {"uv": [12, 2.25, 16, 2.75], "rotation": 180, "texture": "#rail"},
				"east": {"uv": [15.25, 2, 15.75, 4], "rotation": 90, "texture": "#rail"},
				"south": {"uv": [12, 3.25, 16, 3.75], "texture": "#rail"},
				"west": {"uv": [12.25, 2, 12.75, 4], "rotation": 270, "texture": "#rail"},
				"up": {"uv": [12, 2, 16, 4], "texture": "#rail"},
				"down": {"uv": [12, 4, 16, 2], "texture": "#rail"}
			}
		},
		{
			"name": "Box2",
			"from": [14, 0.5, 12],
			"to": [16, 1.5, 14],
			"faces": {
				"north": {"uv": [14, 12.25, 16, 12.75], "rotation": 180, "texture": "#rail"},
				"east": {"uv": [15.25, 12, 15.75, 14], "rotation": 90, "texture": "#rail"},
				"south": {"uv": [14, 13.25, 16, 13.75], "texture": "#rail"},
				"west": {"uv": [14.25, 12, 14.75, 14], "rotation": 270, "texture": "#rail"},
				"up": {"uv": [14, 12, 16, 14], "texture": "#rail"},
				"down": {"uv": [14, 14, 16, 12], "texture": "#rail"}
			}
		},
		{
			"name": "Box2",
			"from": [12, 0.5, 14],
			"to": [14, 1.5, 16],
			"faces": {
				"north": {"uv": [12, 14.25, 14, 14.75], "rotation": 180, "texture": "#rail"},
				"east": {"uv": [13.25, 14, 13.75, 16], "rotation": 90, "texture": "#rail"},
				"south": {"uv": [12, 15.25, 14, 15.75], "texture": "#rail"},
				"west": {"uv": [12.25, 14, 12.75, 16], "texture": "#rail"},
				"up": {"uv": [12, 14, 14, 16], "texture": "#rail"},
				"down": {"uv": [12, 14, 14, 16], "texture": "#rail"}
			}
		},
		{
			"name": "Box2",
			"from": [13, 0.5, 13],
			"to": [14, 1.5, 14],
			"faces": {
				"north": {"uv": [13, 13.25, 14, 13.75], "texture": "#rail"},
				"east": {"uv": [13, 13, 14, 14], "texture": "#rail"},
				"west": {"uv": [13.25, 13, 13.75, 14], "texture": "#rail"},
				"up": {"uv": [13, 13, 14, 14], "texture": "#rail"},
				"down": {"uv": [13, 13, 14, 14], "texture": "#rail"}
			}
		},
		{
			"name": "Box2",
			"from": [3, 0.5, 10],
			"to": [5, 1.5, 12],
			"faces": {
				"north": {"uv": [3, 10.25, 5, 10.75], "rotation": 180, "texture": "#rail"},
				"east": {"uv": [4.25, 10, 4.75, 12], "rotation": 90, "texture": "#rail"},
				"south": {"uv": [3, 11.25, 5, 11.75], "texture": "#rail"},
				"west": {"uv": [3.25, 10, 3.75, 12], "rotation": 270, "texture": "#rail"},
				"up": {"uv": [3, 10, 5, 12], "texture": "#rail"},
				"down": {"uv": [3, 10, 5, 12], "texture": "#rail"}
			}
		},
		{
			"name": "Box2",
			"from": [4, 0.5, 8],
			"to": [6, 1.5, 10],
			"faces": {
				"north": {"uv": [4, 8.25, 6, 8.75], "rotation": 180, "texture": "#rail"},
				"east": {"uv": [5.25, 8, 5.75, 10], "rotation": 270, "texture": "#rail"},
				"south": {"uv": [4, 9.25, 6, 9.75], "texture": "#rail"},
				"west": {"uv": [4.25, 8, 4.75, 10], "texture": "#rail"},
				"up": {"uv": [4, 8, 6, 10], "texture": "#rail"},
				"down": {"uv": [4, 8, 6, 10], "texture": "#rail"}
			}
		},
		{
			"name": "Box2",
			"from": [8, 0.5, 4],
			"to": [10, 1.5, 6],
			"faces": {
				"north": {"uv": [8, 4.25, 10, 4.75], "rotation": 180, "texture": "#rail"},
				"east": {"uv": [9.25, 4, 9.75, 6], "rotation": 90, "texture": "#rail"},
				"south": {"uv": [8, 5.25, 10, 5.75], "texture": "#rail"},
				"west": {"uv": [8.25, 4, 8.75, 6], "rotation": 270, "texture": "#rail"},
				"up": {"uv": [8, 4, 10, 6], "texture": "#rail"},
				"down": {"uv": [8, 6, 10, 4], "texture": "#rail"}
			}
		},
		{
			"name": "Box2",
			"from": [7, 0.5, 5],
			"to": [8, 1.5, 7],
			"faces": {
				"north": {"uv": [7, 5.25, 8, 5.75], "texture": "#rail"},
				"east": {"uv": [7.25, 5, 7.75, 7], "rotation": 90, "texture": "#rail"},
				"south": {"uv": [7, 6.25, 8, 6.75], "texture": "#rail"},
				"west": {"uv": [7.25, 5, 7.75, 7], "rotation": 270, "texture": "#rail"},
				"up": {"uv": [7, 5, 8, 7], "texture": "#rail"},
				"down": {"uv": [7, 7, 8, 5], "texture": "#rail"}
			}
		},
		{
			"name": "Box2",
			"from": [6, 0.5, 6],
			"to": [7, 1.5, 7],
			"faces": {
				"north": {"uv": [6, 6.25, 7, 6.75], "texture": "#rail"},
				"west": {"uv": [6.25, 6, 6.75, 7], "texture": "#rail"},
				"up": {"uv": [6, 6, 7, 7], "texture": "#rail"},
				"down": {"uv": [6, 6, 7, 7], "texture": "#rail"}
			}
		},
		{
			"name": "Box2",
			"from": [5, 0.5, 7],
			"to": [7, 1.5, 8],
			"faces": {
				"north": {"uv": [5, 7.25, 7, 7.75], "rotation": 180, "texture": "#rail"},
				"east": {"uv": [6.25, 7, 6.75, 8], "texture": "#rail"},
				"south": {"uv": [5, 7.25, 7, 7.75], "texture": "#rail"},
				"west": {"uv": [5.25, 7, 5.75, 8], "texture": "#rail"},
				"up": {"uv": [5, 7, 7, 8], "texture": "#rail"},
				"down": {"uv": [5, 7, 7, 8], "texture": "#rail"}
			}
		},
		{
			"name": "Box2",
			"from": [10, 0.5, 3],
			"to": [12, 1.5, 5],
			"faces": {
				"north": {"uv": [10, 3.25, 12, 3.75], "rotation": 180, "texture": "#rail"},
				"east": {"uv": [11.25, 3, 11.75, 5], "rotation": 90, "texture": "#rail"},
				"south": {"uv": [10, 4.25, 12, 4.75], "texture": "#rail"},
				"west": {"uv": [10.25, 3, 10.75, 5], "rotation": 270, "texture": "#rail"},
				"up": {"uv": [10, 3, 12, 5], "texture": "#rail"},
				"down": {"uv": [10, 5, 12, 3], "texture": "#rail"}
			}
		},
		{
			"name": "Box2",
			"from": [10, 0, 14],
			"to": [14, 0.5, 16],
			"faces": {
				"north": {"uv": [10, 14.25, 14, 14.75], "rotation": 180, "texture": "#texture"},
				"south": {"uv": [10, 15.5, 14, 16], "texture": "#texture"},
				"west": {"uv": [10.25, 14, 10.75, 16], "rotation": 270, "texture": "#texture"},
				"up": {"uv": [10, 14, 14, 16], "texture": "#texture"},
				"down": {"uv": [10, 14, 14, 16], "rotation": 180, "texture": "#texture"}
			}
		},
		{
			"name": "Box2",
			"from": [14, 0, 10],
			"to": [16, 0.5, 15],
			"faces": {
				"north": {"uv": [14, 10.25, 16, 10.75], "rotation": 180, "texture": "#texture"},
				"east": {"uv": [15.25, 10, 15.75, 15], "rotation": 270, "texture": "#texture"},
				"south": {"uv": [14, 14.5, 16, 15], "texture": "#texture"},
				"west": {"uv": [14.25, 10, 14.75, 15], "rotation": 270, "texture": "#texture"},
				"up": {"uv": [14, 10, 16, 15], "texture": "#texture"},
				"down": {"uv": [14, 10, 16, 15], "texture": "#texture"}
			}
		},
		{
			"name": "Box2",
			"from": [13, 0, 7],
			"to": [15, 0.5, 10],
			"faces": {
				"north": {"uv": [13, 7.25, 15, 7.75], "rotation": 180, "texture": "#texture"},
				"east": {"uv": [14.25, 7, 14.75, 10], "rotation": 90, "texture": "#texture"},
				"south": {"uv": [13, 9.5, 15, 10], "texture": "#texture"},
				"west": {"uv": [13.25, 7, 13.75, 10], "rotation": 270, "texture": "#texture"},
				"up": {"uv": [13, 7, 15, 10], "texture": "#texture"},
				"down": {"uv": [13, 10, 15, 7], "texture": "#texture"}
			}
		},
		{
			"name": "Box2",
			"from": [12, 0, 4],
			"to": [14, 0.5, 7],
			"faces": {
				"north": {"uv": [12, 4.25, 14, 4.75], "rotation": 180, "texture": "#texture"},
				"east": {"uv": [13.25, 4, 13.75, 7], "rotation": 90, "texture": "#texture"},
				"south": {"uv": [12, 6.5, 14, 7], "texture": "#texture"},
				"west": {"uv": [12.25, 4, 12.75, 7], "texture": "#texture"},
				"up": {"uv": [12, 4, 14, 7], "texture": "#texture"},
				"down": {"uv": [12, 7, 14, 4], "texture": "#texture"}
			}
		},
		{
			"name": "Box2",
			"from": [7, 0, 13],
			"to": [10, 0.5, 15],
			"faces": {
				"north": {"uv": [7, 13.25, 10, 13.75], "rotation": 180, "texture": "#texture"},
				"east": {"uv": [9.25, 13, 9.75, 15], "rotation": 90, "texture": "#texture"},
				"south": {"uv": [7, 14.5, 10, 15], "texture": "#texture"},
				"west": {"uv": [7.25, 13, 7.75, 15], "rotation": 270, "texture": "#texture"},
				"up": {"uv": [7, 13, 10, 15], "texture": "#texture"},
				"down": {"uv": [7, 15, 10, 13], "texture": "#texture"}
			}
		},
		{
			"name": "Box2",
			"from": [5, 0, 5],
			"to": [6, 0.5, 7],
			"faces": {
				"north": {"uv": [5, 5.25, 6, 5.75], "texture": "#texture"},
				"south": {"uv": [5, 6.5, 6, 7], "texture": "#texture"},
				"west": {"uv": [5.25, 5, 5.75, 7], "rotation": 270, "texture": "#texture"},
				"up": {"uv": [5, 5, 6, 7], "texture": "#texture"},
				"down": {"uv": [5, 7, 6, 5], "texture": "#texture"}
			}
		},
		{
			"name": "Box2",
			"from": [9, 0, 8],
			"to": [10, 0.5, 11],
			"faces": {
				"north": {"uv": [9, 8.25, 10, 8.75], "texture": "#texture"},
				"east": {"uv": [9.25, 8, 9.75, 11], "rotation": 90, "texture": "#texture"},
				"south": {"uv": [9, 10.5, 10, 11], "texture": "#texture"},
				"west": {"uv": [9.25, 8, 9.75, 11], "rotation": 270, "texture": "#texture"},
				"up": {"uv": [9, 8, 10, 11], "texture": "#texture"},
				"down": {"uv": [9, 8, 10, 11], "texture": "#texture"}
			}
		},
		{
			"name": "Box2",
			"from": [10, 0, 9],
			"to": [11, 0.5, 12],
			"faces": {
				"north": {"uv": [10, 9.25, 11, 9.75], "texture": "#texture"},
				"east": {"uv": [10.25, 9, 10.75, 12], "rotation": 90, "texture": "#texture"},
				"south": {"uv": [10, 11.5, 11, 12], "texture": "#texture"},
				"west": {"uv": [10.25, 9, 10.75, 12], "rotation": 270, "texture": "#texture"},
				"up": {"uv": [10, 9, 11, 12], "texture": "#texture"},
				"down": {"uv": [10, 9, 11, 12], "rotation": 180, "texture": "#texture"}
			}
		},
		{
			"name": "Box2",
			"from": [8, 0, 7],
			"to": [9, 0.5, 10],
			"faces": {
				"north": {"uv": [8, 7.25, 9, 7.75], "texture": "#texture"},
				"east": {"uv": [8.25, 7, 8.75, 10], "rotation": 90, "texture": "#texture"},
				"south": {"uv": [8, 9.5, 9, 10], "texture": "#texture"},
				"west": {"uv": [8.25, 7, 8.75, 10], "rotation": 270, "texture": "#texture"},
				"up": {"uv": [8, 7, 9, 10], "texture": "#texture"},
				"down": {"uv": [8, 10, 9, 7], "texture": "#texture"}
			}
		},
		{
			"name": "Box2",
			"from": [11, 0, 10],
			"to": [12, 0.5, 13],
			"faces": {
				"north": {"uv": [11, 10.25, 12, 10.75], "texture": "#texture"},
				"east": {"uv": [11.25, 10, 11.75, 13], "rotation": 90, "texture": "#texture"},
				"south": {"uv": [11, 12.5, 12, 13], "texture": "#texture"},
				"west": {"uv": [11.25, 10, 11.75, 13], "rotation": 270, "texture": "#texture"},
				"up": {"uv": [11, 10, 12, 13], "texture": "#texture"},
				"down": {"uv": [11, 10, 12, 13], "rotation": 180, "texture": "#texture"}
			}
		},
		{
			"name": "Box2",
			"from": [12, 0, 11],
			"to": [13, 0.5, 14],
			"faces": {
				"north": {"uv": [12, 11.25, 13, 11.75], "texture": "#texture"},
				"east": {"uv": [12.25, 11, 12.75, 14], "rotation": 90, "texture": "#texture"},
				"west": {"uv": [12.25, 11, 12.75, 14], "rotation": 270, "texture": "#texture"},
				"up": {"uv": [12, 11, 13, 14], "texture": "#texture"},
				"down": {"uv": [12, 14, 13, 11], "texture": "#texture"}
			}
		},
		{
			"name": "Box2",
			"from": [6, 0, 5],
			"to": [7, 0.5, 8],
			"faces": {
				"north": {"uv": [6, 5.25, 7, 5.75], "texture": "#texture"},
				"east": {"uv": [6.25, 5, 6.75, 8], "rotation": 270, "texture": "#texture"},
				"south": {"uv": [6, 7.5, 7, 8], "texture": "#texture"},
				"west": {"uv": [6.25, 5, 6.75, 8], "rotation": 270, "texture": "#texture"},
				"up": {"uv": [6, 5, 7, 8], "texture": "#texture"},
				"down": {"uv": [6, 5, 7, 8], "texture": "#texture"}
			}
		},
		{
			"name": "Box2",
			"from": [7, 0, 6],
			"to": [8, 0.5, 9],
			"faces": {
				"north": {"uv": [7, 6.25, 8, 6.75], "texture": "#texture"},
				"east": {"uv": [7.25, 6, 7.75, 9], "rotation": 90, "texture": "#texture"},
				"south": {"uv": [7, 8.5, 8, 9], "texture": "#texture"},
				"west": {"uv": [7.25, 6, 7.75, 9], "rotation": 270, "texture": "#texture"},
				"up": {"uv": [7, 6, 8, 9], "texture": "#texture"},
				"down": {"uv": [7, 9, 8, 6], "texture": "#texture"}
			}
		},
		{
			"name": "Box2",
			"from": [13, 0, 12],
			"to": [14, 0.5, 14],
			"faces": {
				"north": {"uv": [13, 12.25, 14, 12.75], "texture": "#texture"},
				"up": {"uv": [13, 12, 14, 14], "texture": "#texture"},
				"down": {"uv": [13, 14, 14, 12], "texture": "#texture"}
			}
		},
		{
			"name": "Box2",
			"from": [11, 0, 1],
			"to": [13, 0.5, 4],
			"faces": {
				"north": {"uv": [11, 1.25, 13, 1.75], "texture": "#texture"},
				"east": {"uv": [12.25, 1, 12.75, 4], "rotation": 90, "texture": "#texture"},
				"south": {"uv": [11, 3.5, 13, 4], "texture": "#texture"},
				"west": {"uv": [11.25, 1, 11.75, 4], "rotation": 270, "texture": "#texture"},
				"up": {"uv": [11, 1, 13, 4], "texture": "#texture"},
				"down": {"uv": [11, 4, 13, 1], "texture": "#texture"}
			}
		},
		{
			"name": "Box2",
			"from": [1, 0, 11],
			"to": [4, 0.5, 13],
			"faces": {
				"north": {"uv": [1, 11.25, 4, 11.75], "texture": "#texture"},
				"east": {"uv": [3.25, 11, 3.75, 13], "rotation": 90, "texture": "#texture"},
				"south": {"uv": [1, 12, 4, 13], "texture": "#texture"},
				"west": {"uv": [1.25, 11, 1.75, 13], "rotation": 270, "texture": "#texture"},
				"up": {"uv": [1, 11, 4, 13], "texture": "#texture"},
				"down": {"uv": [4, 11, 1, 13], "rotation": 180, "texture": "#texture"}
			}
		},
		{
			"name": "Box2",
			"from": [14, 0, 15],
			"to": [15, 0.5, 16],
			"faces": {
				"north": {"uv": [14, 15.25, 15, 15.75], "texture": "#texture"},
				"east": {"uv": [14.25, 15, 14.75, 16], "texture": "#texture"},
				"south": {"uv": [14, 15.5, 15, 16], "texture": "#texture"},
				"up": {"uv": [14, 15, 15, 16], "texture": "#texture"},
				"down": {"uv": [14, 15, 15, 16], "texture": "#texture"}
			}
		},
		{
			"name": "Box2",
			"from": [4, 0, 12],
			"to": [7, 0.5, 14],
			"faces": {
				"north": {"uv": [4, 12.25, 7, 12.75], "texture": "#texture"},
				"east": {"uv": [6.25, 12, 6.75, 14], "rotation": 90, "texture": "#texture"},
				"south": {"uv": [4, 13, 7, 14], "texture": "#texture"},
				"west": {"uv": [4.25, 12, 4.75, 14], "rotation": 270, "texture": "#texture"},
				"up": {"uv": [4, 12, 7, 14], "texture": "#texture"},
				"down": {"uv": [4, 14, 7, 12], "texture": "#texture"}
			}
		}
	]
}