{
	"texture_size": [32, 32],
	"textures": {
		"particle": "block/sugar_cane",
		"sugar_cane": "block/sugar_cane"
	},
	"elements": [
		{
			"from": [3, 0, 7],
			"to": [5, 16, 9],
			"rotation": {"angle": 0, "axis": "y", "origin": [7.5, 6.25, 7.5]},
			"faces": {
				"north": {"uv": [0, 0, 1, 8], "texture": "#sugar_cane"},
				"east": {"uv": [1, 0, 2, 8], "texture": "#sugar_cane"},
				"south": {"uv": [2, 0, 3, 8], "texture": "#sugar_cane"},
				"west": {"uv": [3, 0, 4, 8], "texture": "#sugar_cane"},
				"up": {"uv": [13, 8.5, 12, 7.5], "texture": "#sugar_cane"},
				"down": {"uv": [9, 12, 8, 13], "texture": "#sugar_cane"}
			}
		},
		{
			"from": [10, 0, 6],
			"to": [12, 16, 8],
			"rotation": {"angle": 0, "axis": "y", "origin": [7.5, 6.25, 7.5]},
			"faces": {
				"north": {"uv": [4, 0, 5, 7], "texture": "#sugar_cane"},
				"east": {"uv": [5, 0, 6, 7], "texture": "#sugar_cane"},
				"south": {"uv": [6, 0, 7, 7], "texture": "#sugar_cane"},
				"west": {"uv": [7, 0, 8, 7], "texture": "#sugar_cane"},
				"up": {"uv": [13, 4.5, 12, 3.5], "texture": "#sugar_cane"},
				"down": {"uv": [13, 4.5, 12, 5.5], "texture": "#sugar_cane"}
			}
		},
		{
			"from": [7, 0, 10],
			"to": [9, 16, 12],
			"rotation": {"angle": 0, "axis": "y", "origin": [7.5, 6.25, 7.5]},
			"faces": {
				"north": {"uv": [0, 8, 1, 14], "texture": "#sugar_cane"},
				"east": {"uv": [8, 0, 9, 6], "texture": "#sugar_cane"},
				"south": {"uv": [1, 8, 2, 14], "texture": "#sugar_cane"},
				"west": {"uv": [2, 8, 3, 14], "texture": "#sugar_cane"},
				"up": {"uv": [13, 2.5, 12, 1.5], "texture": "#sugar_cane"},
				"down": {"uv": [13, 2.5, 12, 3.5], "texture": "#sugar_cane"}
			}
		},
		{
			"from": [6, 0, 3],
			"to": [8, 16, 5],
			"rotation": {"angle": 0, "axis": "y", "origin": [7.5, 6.25, 7.5]},
			"faces": {
				"north": {"uv": [4, 7, 5, 14], "texture": "#sugar_cane"},
				"east": {"uv": [5, 7, 6, 14], "texture": "#sugar_cane"},
				"south": {"uv": [6, 7, 7, 14], "texture": "#sugar_cane"},
				"west": {"uv": [7, 7, 8, 14], "texture": "#sugar_cane"},
				"up": {"uv": [13, 6.5, 12, 5.5], "texture": "#sugar_cane"},
				"down": {"uv": [13, 6.5, 12, 7.5], "texture": "#sugar_cane"}
			}
		},
		{
			"from": [1, 4, 8],
			"to": [3, 7, 8],
			"rotation": {"angle": 0, "axis": "y", "origin": [7.5, 6.25, 7.5]},
			"faces": {
				"north": {"uv": [3, 8, 4, 9.5], "texture": "#sugar_cane"},
				"east": {"uv": [0, 0, 0, 1.5], "texture": "#sugar_cane"},
				"south": {"uv": [8, 6, 9, 7.5], "texture": "#sugar_cane"},
				"west": {"uv": [0, 0, 0, 1.5], "texture": "#sugar_cane"},
				"up": {"uv": [1, 0, 0, 0], "texture": "#sugar_cane"},
				"down": {"uv": [1, 0, 0, 0], "texture": "#sugar_cane"}
			}
		},
		{
			"from": [1, 11, 8],
			"to": [3, 14, 8],
			"rotation": {"angle": 0, "axis": "y", "origin": [7.5, 6.25, 7.5]},
			"faces": {
				"north": {"uv": [10, 3, 11, 4.5], "texture": "#sugar_cane"},
				"east": {"uv": [0, 0, 0, 1.5], "texture": "#sugar_cane"},
				"south": {"uv": [10, 4.5, 11, 6], "texture": "#sugar_cane"},
				"west": {"uv": [0, 0, 0, 1.5], "texture": "#sugar_cane"},
				"up": {"uv": [1, 0, 0, 0], "texture": "#sugar_cane"},
				"down": {"uv": [1, 0, 0, 0], "texture": "#sugar_cane"}
			}
		},
		{
			"from": [5, 11, 8],
			"to": [7, 14, 8],
			"rotation": {"angle": 0, "axis": "y", "origin": [7.5, 6.25, 7.5]},
			"faces": {
				"north": {"uv": [11, 10.5, 12, 12], "texture": "#sugar_cane"},
				"east": {"uv": [0, 0, 0, 1.5], "texture": "#sugar_cane"},
				"south": {"uv": [12, 0, 13, 1.5], "texture": "#sugar_cane"},
				"west": {"uv": [0, 0, 0, 1.5], "texture": "#sugar_cane"},
				"up": {"uv": [1, 0, 0, 0], "texture": "#sugar_cane"},
				"down": {"uv": [1, 0, 0, 0], "texture": "#sugar_cane"}
			}
		},
		{
			"from": [7, 9, 1],
			"to": [7, 12, 3],
			"rotation": {"angle": 0, "axis": "y", "origin": [7.5, 6.25, 7.5]},
			"faces": {
				"north": {"uv": [0, 0, 0, 1.5], "texture": "#sugar_cane"},
				"east": {"uv": [10, 6, 11, 7.5], "texture": "#sugar_cane"},
				"south": {"uv": [0, 0, 0, 1.5], "texture": "#sugar_cane"},
				"west": {"uv": [10, 7.5, 11, 9], "texture": "#sugar_cane"},
				"up": {"uv": [0, 1, 0, 0], "texture": "#sugar_cane"},
				"down": {"uv": [0, 0, 0, 1], "texture": "#sugar_cane"}
			}
		},
		{
			"from": [7, 2, 1],
			"to": [7, 5, 3],
			"rotation": {"angle": 0, "axis": "y", "origin": [7.5, 6.25, 7.5]},
			"faces": {
				"north": {"uv": [0, 0, 0, 1.5], "texture": "#sugar_cane"},
				"east": {"uv": [11, 4.5, 12, 6], "texture": "#sugar_cane"},
				"south": {"uv": [0, 0, 0, 1.5], "texture": "#sugar_cane"},
				"west": {"uv": [11, 6, 12, 7.5], "texture": "#sugar_cane"},
				"up": {"uv": [0, 1, 0, 0], "texture": "#sugar_cane"},
				"down": {"uv": [0, 0, 0, 1], "texture": "#sugar_cane"}
			}
		},
		{
			"from": [6, 4, 5],
			"to": [6, 7, 7],
			"rotation": {"angle": 0, "axis": "y", "origin": [7.5, 6.25, 7.5]},
			"faces": {
				"north": {"uv": [0, 0, 0, 1.5], "texture": "#sugar_cane"},
				"east": {"uv": [11, 7.5, 12, 9], "texture": "#sugar_cane"},
				"south": {"uv": [0, 0, 0, 1.5], "texture": "#sugar_cane"},
				"west": {"uv": [11, 9, 12, 10.5], "texture": "#sugar_cane"},
				"up": {"uv": [0, 1, 0, 0], "texture": "#sugar_cane"},
				"down": {"uv": [0, 0, 0, 1], "texture": "#sugar_cane"}
			}
		},
		{
			"from": [5, 2, 11],
			"to": [7, 5, 11],
			"rotation": {"angle": 0, "axis": "y", "origin": [7.5, 6.25, 7.5]},
			"faces": {
				"north": {"uv": [8, 7.5, 9, 9], "texture": "#sugar_cane"},
				"east": {"uv": [0, 0, 0, 1.5], "texture": "#sugar_cane"},
				"south": {"uv": [9, 0, 10, 1.5], "texture": "#sugar_cane"},
				"west": {"uv": [0, 0, 0, 1.5], "texture": "#sugar_cane"},
				"up": {"uv": [1, 0, 0, 0], "texture": "#sugar_cane"},
				"down": {"uv": [1, 0, 0, 0], "texture": "#sugar_cane"}
			}
		},
		{
			"from": [9, 2, 11],
			"to": [11, 5, 11],
			"rotation": {"angle": 0, "axis": "y", "origin": [7.5, 6.25, 7.5]},
			"faces": {
				"north": {"uv": [9, 1.5, 10, 3], "texture": "#sugar_cane"},
				"east": {"uv": [0, 0, 0, 1.5], "texture": "#sugar_cane"},
				"south": {"uv": [9, 3, 10, 4.5], "texture": "#sugar_cane"},
				"west": {"uv": [0, 0, 0, 1.5], "texture": "#sugar_cane"},
				"up": {"uv": [1, 0, 0, 0], "texture": "#sugar_cane"},
				"down": {"uv": [1, 0, 0, 0], "texture": "#sugar_cane"}
			}
		},
		{
			"from": [9, 9, 11],
			"to": [11, 12, 11],
			"rotation": {"angle": 0, "axis": "y", "origin": [7.5, 6.25, 7.5]},
			"faces": {
				"north": {"uv": [9, 4.5, 10, 6], "texture": "#sugar_cane"},
				"east": {"uv": [0, 0, 0, 1.5], "texture": "#sugar_cane"},
				"south": {"uv": [9, 6, 10, 7.5], "texture": "#sugar_cane"},
				"west": {"uv": [0, 0, 0, 1.5], "texture": "#sugar_cane"},
				"up": {"uv": [1, 0, 0, 0], "texture": "#sugar_cane"},
				"down": {"uv": [1, 0, 0, 0], "texture": "#sugar_cane"}
			}
		},
		{
			"from": [12, 3, 7],
			"to": [14, 6, 7],
			"rotation": {"angle": 0, "axis": "y", "origin": [7.5, 6.25, 7.5]},
			"faces": {
				"north": {"uv": [9, 7.5, 10, 9], "texture": "#sugar_cane"},
				"east": {"uv": [0, 0, 0, 1.5], "texture": "#sugar_cane"},
				"south": {"uv": [8, 9, 9, 10.5], "texture": "#sugar_cane"},
				"west": {"uv": [0, 0, 0, 1.5], "texture": "#sugar_cane"},
				"up": {"uv": [1, 0, 0, 0], "texture": "#sugar_cane"},
				"down": {"uv": [1, 0, 0, 0], "texture": "#sugar_cane"}
			}
		},
		{
			"from": [11, 8, 4],
			"to": [11, 11, 6],
			"rotation": {"angle": 0, "axis": "y", "origin": [7.5, 6.25, 7.5]},
			"faces": {
				"north": {"uv": [0, 0, 0, 1.5], "texture": "#sugar_cane"},
				"east": {"uv": [9, 9, 10, 10.5], "texture": "#sugar_cane"},
				"south": {"uv": [0, 0, 0, 1.5], "texture": "#sugar_cane"},
				"west": {"uv": [3, 9.5, 4, 11], "texture": "#sugar_cane"},
				"up": {"uv": [0, 1, 0, 0], "texture": "#sugar_cane"},
				"down": {"uv": [0, 0, 0, 1], "texture": "#sugar_cane"}
			}
		},
		{
			"from": [8, 9, 7],
			"to": [10, 12, 7],
			"rotation": {"angle": 0, "axis": "y", "origin": [7.5, 6.25, 7.5]},
			"faces": {
				"north": {"uv": [10, 0, 11, 1.5], "texture": "#sugar_cane"},
				"east": {"uv": [0, 0, 0, 1.5], "texture": "#sugar_cane"},
				"south": {"uv": [10, 1.5, 11, 3], "texture": "#sugar_cane"},
				"west": {"uv": [0, 0, 0, 1.5], "texture": "#sugar_cane"},
				"up": {"uv": [1, 0, 0, 0], "texture": "#sugar_cane"},
				"down": {"uv": [1, 0, 0, 0], "texture": "#sugar_cane"}
			}
		},
		{
			"from": [8, 3, 12],
			"to": [8, 6, 14],
			"rotation": {"angle": 0, "axis": "y", "origin": [7.5, 6.25, 7.5]},
			"faces": {
				"north": {"uv": [0, 0, 0, 1.5], "texture": "#sugar_cane"},
				"east": {"uv": [10, 9, 11, 10.5], "texture": "#sugar_cane"},
				"south": {"uv": [0, 0, 0, 1.5], "texture": "#sugar_cane"},
				"west": {"uv": [8, 10.5, 9, 12], "texture": "#sugar_cane"},
				"up": {"uv": [0, 1, 0, 0], "texture": "#sugar_cane"},
				"down": {"uv": [0, 0, 0, 1], "texture": "#sugar_cane"}
			}
		},
		{
			"from": [8, 10, 12],
			"to": [8, 13, 14],
			"rotation": {"angle": 0, "axis": "y", "origin": [7.5, 6.25, 7.5]},
			"faces": {
				"north": {"uv": [0, 0, 0, 1.5], "texture": "#sugar_cane"},
				"east": {"uv": [9, 10.5, 10, 12], "texture": "#sugar_cane"},
				"south": {"uv": [0, 0, 0, 1.5], "texture": "#sugar_cane"},
				"west": {"uv": [10, 10.5, 11, 12], "texture": "#sugar_cane"},
				"up": {"uv": [0, 1, 0, 0], "texture": "#sugar_cane"},
				"down": {"uv": [0, 0, 0, 1], "texture": "#sugar_cane"}
			}
		},
		{
			"from": [11, 10, 8],
			"to": [11, 13, 10],
			"rotation": {"angle": 0, "axis": "y", "origin": [7.5, 6.25, 7.5]},
			"faces": {
				"north": {"uv": [0, 0, 0, 1.5], "texture": "#sugar_cane"},
				"east": {"uv": [11, 0, 12, 1.5], "texture": "#sugar_cane"},
				"south": {"uv": [0, 0, 0, 1.5], "texture": "#sugar_cane"},
				"west": {"uv": [11, 1.5, 12, 3], "texture": "#sugar_cane"},
				"up": {"uv": [0, 1, 0, 0], "texture": "#sugar_cane"},
				"down": {"uv": [0, 0, 0, 1], "texture": "#sugar_cane"}
			}
		},
		{
			"from": [4, 5, 9],
			"to": [4, 8, 11],
			"rotation": {"angle": 0, "axis": "y", "origin": [7.5, 6.25, 7.5]},
			"faces": {
				"north": {"uv": [0, 0, 0, 1.5], "texture": "#sugar_cane"},
				"east": {"uv": [3, 11, 4, 12.5], "texture": "#sugar_cane"},
				"south": {"uv": [0, 0, 0, 1.5], "texture": "#sugar_cane"},
				"west": {"uv": [11, 3, 12, 4.5], "texture": "#sugar_cane"},
				"up": {"uv": [0, 1, 0, 0], "texture": "#sugar_cane"},
				"down": {"uv": [0, 0, 0, 1], "texture": "#sugar_cane"}
			}
		}
	]
}